barcode,product_name,brands,sugars_100g,fiber_100g,proteins_100g,quantity_grams,sugar_pct_dv,sugar_tier,high_sugar_flag,nutrition_grades,shelf_location,units_sold_last_month,sugar_pct_dv_scaled
3168930010265,cruesly mélange de noix,Quaker,12,10,8.5,450.0,24.0,high,1,b,Aisle 4B,578,0.46153846153846156
3229820160672,Croustillant Chocolat,Bjorg,14,10,9.27,500.0,28.000000000000004,high,1,c,Aisle 2B,958,0.5384615384615385
3229820019307,Flocons d'avoine,Bjorg,1.7,11,11,500.0,3.4000000000000004,low,0,a,Aisle 2B,932,0.06538461538461539
3229820129488,"Muesli Raisin, Figue, Datte, Abricot",Bjorg,14,10,11,375.0,28.000000000000004,high,1,a,Aisle 2B,null,0.5384615384615385
3387390123210,Chocapic,"Nestlé, Chocapic",19.9,7.7,8.5,375.0,39.8,high,1,b, Aisle 3C,547,0.7653846153846153
5010477348678,Special Muesli 30% fruits & noix,Jordans,17,8.8,10,750.0,34.0,high,1,a,,,0.6538461538461539
3229820782560,"Muesli Superfruits Raisins, cassis, cranberry, myrtille",Bjorg,13,10,12,375.0,26.0,high,1,a,Aisle 2B,1014,0.5
7613036669146,NESTLE CHOCAPIC BIO Céréales - Boite de 375g,"Nestlé, Chocapic",19.9,8.2,9.1,375.0,39.8,high,1,b,Aisle 4B,460,0.7653846153846153
5010029000023,Original,Weetabix,4.2,10,12,430.0,8.4,moderate,0,a,Endcap-South,289,0.16153846153846155
5010477348357,Country Crisp 4 noix,Jordans,18,6.1,11,550.0,36.0,high,1,c, Aisle 3C,276,0.6923076923076923
8410076610737,NATURE VALLEY protein pind&choc.GV,Nature Valley,17.1,10.7,25.6,160.0,34.2,high,1,d,Endcap-South,1108,0.6576923076923078
3159470000120,CORN FLAKES,Kellogg's,8,3,7,500.0,16.0,moderate,0,d,Aisle 2B,261,0.3076923076923077
3229820769165,Muesli avoine chocolat bio,Bjorg,8.2,10,12,375.0,16.4,moderate,0,a,Aisle 2B,894,0.3153846153846154
3168930010906,Cruesli Chocolat noir,Quaker,16,10,8.1,450.0,32.0,high,1,c, Aisle 3C,253,0.6153846153846154
3168930009078,Flocons d'avoine complète,Quaker,1.1,9,11,550.0,2.2,low,0,a,,,0.04230769230769231
20003166,,Crownfield,0.7,10,13.5,500.0,1.4,low,0,a,Aisle 1A,50,0.02692307692307692
5010477348630,Muesli 36% fruits noix & graines,Jordan,18.9,8.5,9.3,500.0,37.8,high,1,c,Aisle 4B,735,0.7269230769230769
3168930009795,Muesli Croustillant Noix de pécan & noix du Brésil,Quaker,13,13,11,500.0,26.0,high,1,b,Aisle 4B,241,0.5
7613035449626,NESTLE CHOCAPIC Céréales 645g,"Nestlé, Chocapic",19.9,7.7,8.5,645.0,39.8,high,1,b,Aisle 4B,273,0.7653846153846153
5010477348395,Country Crisp - Chocolat noir 70% cacao,Jordans,23,5.6,8.8,550.0,46.0,high,1,d,Endcap-South,840,0.8846153846153846
5010477348517,Country Crisp 4 Baies,Jordans,20,6,9.1,550.0,40.0,high,1,c,Aisle 1A,732,0.7692307692307693
3229820798110,Granola Chocolat,Bjorg,12,7.5,10,350.0,24.0,high,1,c,Endcap-South,455,0.46153846153846156
3229820797861,Croustillant 3 noix,Bjorg,14,9.9,11,450.0,28.000000000000004,high,1,b,Aisle 1A,592,0.5384615384615385
4008713713411,Copos de Avena extra suaves,Brüggen,0.7,10,14,800.0,1.4,low,0,a,Endcap-South,1033,0.02692307692307692
5059319023762,Miel Pops,KELLOG'S,22,4.6,5.2,330.0,44.0,high,1,c, Aisle 3C,323,0.8461538461538461
5010029229110,Crispy Minis Choco,Weetabix,17,10,10,500.0,34.0,high,1,b,Endcap-South,1165,0.6538461538461539
3421557501722,Muesli croustillant tradition,Terres et Céréales,20,5.9,9.1,1.0,40.0,high,1,c,Endcap-South,220,0.7692307692307693
3421557501975,Muesli croustillant duo pépites,Terres et Céréales Bio,25,7.6,9.2,100.0,50.0,high,1,c,Aisle 1A,199,0.9615384615384616
3229820786605,Crousti' Avoine Chocolat,Bjorg,14,9.5,10,500.0,28.000000000000004,high,1,c,,,0.5384615384615385
3168930003632,Quaker Oats,Quaker,1.1,9,11,800.0,2.2,low,0,a,Aisle 1A,974,0.04230769230769231
3229820116716,Muesli aux fruits,Bjorg,10,10,11,750.0,20.0,high,1,a,Aisle 1A,,0.38461538461538464
3229820796857,Flocons d'avoine,Bjorg,0,11,10.8333333333333,900.0,0.0,low,0,a,Aisle 1A,829,0.0
7613287514325,Fitness Nature Céréales complètes,"Nestlé, Fitness",8.3,8.5,9.8,475.0,16.6,moderate,0,a,,,0.31923076923076926
7613032779566,chocapic,"Nestlé, Chocapic",19.9,7.7,8.5,1000.0,39.8,high,1,b,Aisle 4B,1044,0.7653846153846153
3168930010890,Quaker Cruesli Chocolat au lait,Quaker,20,8.7,7.7,450.0,40.0,high,1,d,Aisle 2B,889,0.7692307692307693
5010477365316,Oh my crisp ! - Noix,JORDANS,9.5,18,9,400.0,19.0,moderate,0,b, Aisle 3C,793,0.36538461538461536
3421557502446,T&C Muesli croustillant avoine amandes sans gluten,Terres & céréales bio,18,6.9,9,500.0,36.0,high,1,c,Endcap-South,null,0.6923076923076923
3229820794556,"Muesli Proteines Soja, Dattes, Fruits Rouges",Bjorg,10,12,21,375.0,20.0,high,1,a,Endcap-South,0,0.38461538461538464
3387390326574,Céréales Cookie Crisp,"Nestlé, Cookie crisp",22.4,6,6.7,375.0,44.8,high,1,c,Endcap-South,233,0.8615384615384615
3229820797946,Muesli sans sucres ajoutés raisin figue datte abricot,Bjorg,14,10,11,750.0,28.000000000000004,high,1,a,Aisle 4B,625,0.5384615384615385
8402001010873,Muesli Crunchy,Hacendado,3.2,23,8.8,500.0,6.4,moderate,0,a,Aisle 4B,782,0.12307692307692308
5010477356277,Granola Amandes Noisettes & Graines,Jordans,2.5,16.1,12.6,400.0,5.0,moderate,0,a,Aisle 2B,645,0.09615384615384616
5010477354051,Muesli Bio Superfruits,Jordans,10.2,9.4,11.2,450.0,20.4,high,1,a,Endcap-South,1184,0.3923076923076923
3560071407650,Muesli de quinoa y chocolate,"Carrefour BIO, Carrefour",16,6.8,9.1,375.0,32.0,high,1,c, Aisle 3C,629,0.6153846153846154
20621469,Special Flakes Original,Crownfield,8.8,8.1,8.9,500.0,17.6,moderate,0,a,Endcap-South,60,0.3384615384615385
5010477348555,Country Crisp 4 Noix,Jordans,18,6.1,11,850.0,36.0,high,1,c, Aisle 3C,0,0.6923076923076923
3560070614202,Copos de Avena Integral,Original,0.7,10,14,500.0,1.4,low,0,a,Aisle 4B,584,0.02692307692307692
3421557910203,Flocons d'avoine complets,"Terres & Céréales, Terres & Céréales BIO",1,10,12,500.0,2.0,low,0,a,Aisle 4B,1046,0.038461538461538464
5053827199568,Müsli-Tresor-Choco Nut,KELLOGG'S TRÉSOR,26,3.6,7.1,410.0,52.0,high,1,e,Aisle 2B,659,1.0
3168930010869,Cruesli Chocolat noir maxi format,QUAKER,16,10,8.1,900.0,32.0,high,1,c, Aisle 3C,123,0.6153846153846154
3770008009882,Les Fourrées  -  Beurre de Cacahuète & Cacao,Funkie,13,6,13,250.0,26.0,high,1,b,Aisle 4B,null,0.5
3564706604360,Muesli Chocolat-Noisette,Grainea,8.7,11,9.9,350.0,17.4,moderate,0,b,Aisle 4B,132,0.3346153846153846
3387390019995,NESTLE LION Céréales 400g,"Nestlé, Lion",24.5,7,8.1,400.0,49.0,high,1,c,Aisle 2B,1000,0.9423076923076923
8480000095367,"Muesli con quinoa, chía y chocolate negro",Hacendado,18,10,9.8,400.0,36.0,high,1,c,Aisle 1A,764,0.6923076923076923
20283360,Fiocchi di avena integrali,Crownfield,0.7,10,13.5,500.0,1.4,low,0,a, Aisle 3C,547,0.02692307692307692
5050083296079,Cereales special K original,Kellogg's,15,6,8,500.0,30.0,high,1,c,Aisle 2B,535,0.5769230769230769
3159470005071,Céréales Extra Pépites Chocolat Noisettes,Kellogg's,21,5.8,8,500.0,42.0,high,1,e,Aisle 4B,892,0.8076923076923077
3256228686558,Céréales Muesli croustillant au chocolat noir 500G,"U, U Bio",19,8.1,9,500.0,38.0,high,1,c, Aisle 3C,509,0.7307692307692307
8480000156112,Avena crunchy,Hacendado,4.6,11,13,400.0,9.2,moderate,0,a,Endcap-South,393,0.1769230769230769
40897677,Hafer Flocken Zart,Crownfield,0.8,9.7,13.2,500.0,1.6,low,0,a,Aisle 2B,454,0.03076923076923077
4056489300786,Knusper Müsli Schoko,Crownfield,13.7,9.1,10.9,500.0,27.399999999999995,high,1,c,Endcap-South,1052,0.5269230769230768
5900617002983,Granola chocolate / pieces of chocolate,"Nutrition sante, Sante",22,6.7,8.6,350.0,44.0,high,1,d,Aisle 4B,291,0.8461538461538461
5010029000016,Weetabix,Weetabix,4.2,10,12,430.0,8.4,moderate,0,a, Aisle 3C,954,0.16153846153846155
3421557110313,Krounchy chocolat,Grillon d'Or,18,7.2,9,1.0,36.0,high,1,c,Endcap-South,939,0.6923076923076923
3229820800721,muesli superfruits,Bjorg,13,10,12,750.0,26.0,high,1,a,Aisle 2B,90,0.5
3421557501630,Muesli BIO Fruits raisins pommes abricots & noix de coco Sans sucres ajoutés,T&C Terre et Céréales,15,11,9.7,1.0,30.0,high,1,a, Aisle 3C,1007,0.5769230769230769
3229820802138,Croustillant chocolat,Bjorg,14,9.8,9.8,900.0,28.000000000000004,high,1,c,Aisle 2B,956,0.5384615384615385
4056489296805,Bio Knusper Müsli Früchte,"Crownfield, Lidl",14,8.4,9.9,500.0,28.000000000000004,high,1,c, Aisle 3C,517,0.5384615384615385
7613287366665,Nesquik Cereal,Nesquik,22.4,8.5,8.4,150.0,44.8,high,1,unknown,Aisle 1A,1006,0.8615384615384615
5053827110983,Céréales Miel Pops,Kellogg's,22,4.6,5.2,620.0,44.0,high,1,c, Aisle 3C,661,0.8461538461538461
3760336830586,Les fourrées cacao noisette,Funkie,21,4.2,7.8,250.0,42.0,high,1,c,Aisle 1A,525,0.8076923076923077
3229820794549,"Muesli fibres - Son de blé, Figues, Pruneaux",Bjorg,9,15,12,375.0,18.0,moderate,0,a,Aisle 2B, 298 ,0.34615384615384615
3421557502767,Muesli au chocolat,Terres et Céréales,9.1,9.3,10,900.0,18.2,moderate,0,a,Aisle 1A,134,0.35
20159917,CORN FLAKES,Crownfield,3,8,8,500.0,6.0,moderate,0,a,Aisle 1A,835,0.11538461538461539
3421557110221,Muesli avoine amandes chocolat,TERRES ET CÉRÉALES,22,6.8,8.7,500.0,44.0,high,1,c,,,0.8461538461538461
5010477360755,Granola chocolat noir - faible en sucre,Jordans,3.8,16.9,11.1,400.0,7.6,moderate,0,a,Aisle 1A,1159,0.14615384615384613
5059319025711,Special K Chocolat Noir,Special K,17,6,8.2,500.0,34.0,high,1,d,,,0.6538461538461539
3159470001424,Céréales All Bran Kellogg's Fibre Plus,Kellogg's,18,27,14,500.0,36.0,high,1,c, Aisle 3C,973,0.6923076923076923
5053827199667,Trésor Chocolat au Lait,Kellogg's,25,3.7,7.5,410.0,50.0,high,1,e,Aisle 1A, 605 ,0.9615384615384616
5059319023533,Rice Krispies,Kellogg's,7.9,2.9,7,360.0,15.8,moderate,0,c,Aisle 2B,78,0.3038461538461539
5050083516313,Céréales Extra Kellogg's Pépites Chocolat au lait,Kellogg's,25,4.9,7,500.0,50.0,high,1,e,Aisle 4B,333,0.9615384615384616
8480000229663,Corn Flakes 0% azúcares añadidos,HACENDADL,0.9,4.4,6.7,30.0,1.8000000000000003,low,0,c,Aisle 2B,,0.03461538461538462
3111902100037,Muesli Bio Croustillant Amande Vanille,Charles Vignon,16,5.7,9.2,375.0,32.0,high,1,c,Aisle 1A,304,0.6153846153846154
5059319030913,Coco Pops,Kellogg's,17,3.8,6.3,550.0,34.0,high,1,c,,,0.6538461538461539
3560071407773,Croustillant graines de courge et de tournesol,"Carrefour BIO, Carrefour",15,6.2,11,375.0,30.0,high,1,c, Aisle 3C,240,0.5769230769230769
3564706624467,Flocons d'avoine,Marque Repère,0.7,10,14,500.0,1.4,low,0,a,Aisle 2B,897,0.02692307692307692
4056489687337,Muesli Crunchy,Crownfield,16,9.8,8.9,500.0,32.0,high,1,c, Aisle 3C,1020,0.6153846153846154
5053827175654,,Kellogg's,17,3.8,6.3,330.0,34.0,high,1,c,Aisle 2B,172,0.6538461538461539
3560071270285,Petits flocons d'avoine complète,Carrefour BIO,1,8.7,11,500.0,2.0,low,0,a,Endcap-South,1009,0.038461538461538464
8410188012092,Kelloggs corn flakes the original,Kellogg's,8,3,7,500.0,16.0,moderate,0,d,Endcap-South,null,0.3076923076923077
8480000094742,Granola baja en azúcares,Hacendado,4.7,8.5,13.6,400.0,9.4,moderate,0,a, Aisle 3C,653,0.18076923076923077
3229820786599,Flocons d'avoine 4 graines et raisins,Bjorg,8.6,11,15,375.0,17.2,moderate,0,a,Aisle 4B,397,0.33076923076923076
3564706612792,Muesli 4 Noix,"Marque Repère, Grainéa",16,8.5,11,500.0,32.0,high,1,c,,,0.6153846153846154
5010477365378,Céréales oh my crips fruit,JORDANS,9.8,18,8.5,400.0,19.6,moderate,0,b,Aisle 4B,848,0.37692307692307697
3250391896554,Flocons d'avoine complète 500g,Chabrior,1.1,10,12,500.0,2.2,low,0,a,Aisle 2B,357,0.04230769230769231
3229820804224,Céréales complètes au chocolat noir intense,Bjorg,17,9.1,9.6,450.0,34.0,high,1,c,Aisle 1A,68,0.6538461538461539
3168930158158,Cruesli miel et noisettes,"Cruesli, QUAKER",15,9.4,7.5,450.0,30.0,high,1,b,Aisle 1A,755,0.5769230769230769
8445290114594,Crousti fondant choco-noisettes,"Nestlé, Nat",17.5,6.2,7.7,340.0,35.0,high,1,c,Aisle 1A,370,0.6730769230769231
5010029000801,Weetabix,Weetabix,4.2,10,11,860.0,8.4,moderate,0,a,,,0.16153846153846155
3421557501685,Muesli croustillant chocolat 500 g,T&C terres & céréales Bio,9.6,3.9,4.7,500.0,19.2,moderate,0,c,,,0.3692307692307692
